n,msb,noise
1,46,41837835923200
2,46,64044046756096
3,47,87395381274368
4,47,112239549248256
5,47,129424843525120
6,48,158880209484544
7,48,172293768142080
8,48,187434075241728
9,48,213371354314240
10,48,227891011854336
11,48,247140486074880
12,48,261876145155072
13,49,284444811934720
14,49,307908887894016
15,49,336303012155904
16,49,370515196691968
17,49,394019473178112
18,49,403718530503680
19,49,408435905000704
20,49,416529972988416
21,49,436057436532224
22,49,458047087259136
23,49,469929336292608
24,49,484047697714944
25,49,502766582875904
26,49,537222909981952
27,49,548855751653888
28,50,564462387255296
29,50,570579952918016
30,50,583887443801600
31,50,607669496290304
32,50,621637032525824
33,50,644117147248640
34,50,669334663733248
35,50,678118978533888
36,50,691855956987136
37,50,727156223560192
38,50,731311488543744
39,50,750931558303744
40,50,766393243629056
41,50,789907472854528
42,50,800069891811840
43,50,818016845138944
44,50,849890697185280
45,50,873502281613056
46,50,900824015379200
47,50,922945737883392
48,50,933662411803904
49,50,950006246840320
50,50,977261547354624
51,50,1019665431617536
52,50,1037517501705984
53,50,1040705165820928
54,50,1042568822927872
55,50,1053155852042752
56,50,1070197311727616
57,50,1086164196927488
58,50,1095716648092160
59,50,1100606731803136
60,50,1115304378608640
61,51,1135648407760640
62,51,1157876053296128
63,51,1172714561276416
64,51,1181192324394752
65,51,1192062948007424
66,51,1208416231580672
67,51,1221933932118528
68,51,1237835235944960
69,51,1266025043052032
70,51,1287094321488128
71,51,1319494084930304
72,51,1333422747418880
73,51,1341855862984448
74,51,1359320553030144
75,51,1368476394856704
76,51,1374644875175424
77,51,1389440601207296
78,51,1405771966642432
79,51,1422930977875712
80,51,1448843636193024
81,51,1469756424227328
82,51,1498043089195776
83,51,1505349857726464
84,51,1522457074359552
85,51,1547854795313664
86,51,1560279213330176
87,51,1578306180194560
88,51,1602978637121536
89,51,1601717997976320
90,51,1611915013776384
91,51,1639031521265664
92,51,1651120168443648
93,51,1671486629004032
94,51,1690507546063360
95,51,1709851566465536
96,51,1717954996541440
97,51,1747232152332800
98,51,1772271098058496
99,51,1803127958710272
100,51,1822456724109824
101,51,1835873186402816
102,51,1838652431055616
103,51,1850718277429248
104,51,1874961309238272
105,51,1885616618275072
106,51,1890739322472960
107,51,1903926319978752
108,51,1935495055504640
109,51,1944030449509376
110,51,1956253215608576
111,51,1980187651568384
112,51,1996761786599168
113,51,2012508318877184
114,51,2035685792758528
115,51,2056205525399296
116,51,2073053602770176
117,51,2092983546846464
118,51,2113348291521280
119,51,2127714694485248
120,51,2146202681056256
121,51,2177906393198592
122,51,2203989160166656
123,51,2217767949193216
124,51,2225332833284864
125,51,2243988998657792
126,52,2262319079946752
127,52,2276725320139776
128,52,2294161720110592
129,52,2313139366342656
130,52,2315699201653248
131,52,2336270627521792
132,52,2344702994361856
133,52,2362989487470848
134,52,2376868868400640
135,52,2384655847880704
136,52,2384288539769600
137,52,2396201795222528
138,52,2421282295488000
139,52,2438989572437760
140,52,2458124768598272
141,52,2484074756926464
142,52,2521895988499712
143,52,2549241794138880
144,52,2547471600352768
145,52,2567803767027200
146,52,2580484935239168
147,52,2604283796645632
148,52,2626464447996416
149,52,2644582536395264
150,52,2652143539915776
151,52,2661756987417600
152,52,2677682734510592
153,52,2700940801055232
154,52,2722785933563392
155,52,2742355336123648
156,52,2774006785178368
157,52,2782243183427840
158,52,2797496388126208
159,52,2818071466175488
160,52,2837929934092800
161,52,2848082291954432
162,52,2869718179156480
163,52,2882067713556224
164,52,2901653685715968
165,52,2920212476312576
166,52,2938311566540544
167,52,2955931912418816
168,52,2980704287179520
169,52,3000495761853952
170,52,3008440048236544
171,52,3029159470668544
172,52,3045430363717888
173,52,3067254814167552
174,52,3076138703736064
175,52,3090393889421824
176,52,3104976484069376
177,52,3127685418578944
178,52,3142571290747392
179,52,3150478370513920
180,52,3174213901255680
181,52,3184933876486144
182,52,3203614155279872
183,52,3220813639422720
184,52,3232585660771840
185,52,3254445664505344
186,52,3280559255467008
187,52,3282642396811008
188,52,3315374532892416
189,52,3334226953786880
190,52,3344273737816576
191,52,3371981199219968
192,52,3387564248071936
193,52,3408930497080064
194,52,3433566406777600
195,52,3445274250420736
196,52,3456920693533696
197,52,3475305646908928
198,52,3474619081143296
199,52,3482766982665216
200,52,3495811781822976
201,52,3502285303664384
202,52,3519319242345984
203,52,3540874296973056
204,52,3557286624271872
205,52,3589886707644928
206,52,3617750579855616
207,52,3639142257204992
208,52,3663307123894016
209,52,3667275171635968
210,52,3681838820360704
211,52,3705428767889408
212,52,3722318971069184
213,52,3727841309978624
214,52,3738650398838528
215,52,3750623766350592
216,52,3763297808779776
217,52,3792940003649792
218,52,3805492301592832
219,52,3839588327166720
220,52,3852832202687232
221,52,3879473498183680
222,52,3903343232158208
223,52,3916324285390592
224,52,3934411323941376
225,52,3955541358010368
226,52,3971997726261504
227,52,3993126586895104
228,52,4013737194303232
229,52,4019185715835392
230,52,4029499421904128
231,52,4042292003827712
232,52,4058235308126720
233,52,4064821166276352
234,52,4086327962781952
235,52,4109388189862144
236,52,4120830782517248
237,52,4140760098750208
238,52,4168568991738368
239,52,4186813529606144
240,52,4197127235144960
241,52,4215653959231744
242,52,4238780149041920
243,52,4260811749036544
244,52,4278164063313920
245,52,4290939756507136
246,52,4297863628551168
247,52,4321398853111040
248,52,4337031630331392
249,52,4341568468115712
250,52,4339163256283392
251,52,4351925559742720
252,52,4376280972480768
253,52,4407175712312832
254,52,4419671157151232
255,52,4438667946063872
256,52,4455666469353472
257,52,4470959498287360
258,52,4490994302604800
259,53,4505383040292864
260,53,4520017172482304
261,53,4523993456340992
262,53,4540574383391744
263,53,4544083856129536
264,53,4575092093097472
265,53,4598227334456832
266,53,4609107902735872
267,53,4613496899592448
268,53,4645815995785984
269,53,4655642517485568
270,53,4676726296549632
271,53,4701752783294976
272,53,4715941081871616
273,53,4724091525626624
274,53,4743281845179136
275,53,4751019295593984
276,53,4769174886759680
277,53,4793503848792320
278,53,4795220784989952
279,53,4805773059872000
280,53,4827165686196992
281,53,4850489208661760
282,53,4880477705701120
283,53,4918986986398976
284,53,4932647788575232
285,53,4950139140871936
286,53,4972587460263424
287,53,4994845357646592
288,53,5016205323993088
289,53,5031641542691584
290,53,5040545567925248
291,53,5060287921767424
292,53,5073259309134336
293,53,5100441107745024
294,53,5112835319923200
295,53,5129003948023296
296,53,5132553718016256
297,53,5137750811856384
298,53,5155623381014528
299,53,5182716798996736
300,53,5199202461339136
301,53,5226083866057472
302,53,5239165934407424
303,53,5247640025410816
304,53,5263822630351360
305,53,5283039964845568
306,53,5294892882901760
307,53,5312883614155008
308,53,5332176750237952
309,53,5348729553633280
310,53,5363056564096512
311,53,5379038730938112
312,53,5377577706266112
313,53,5381282567484672
314,53,5409587990178560
315,53,5426392006335232
316,53,5451950511236608
317,53,5462574505969408
318,53,5474042709373696
319,53,5508115312519936
320,53,5521831060615936
321,53,5524804149765120
322,53,5540505064356608
323,53,5556926778592512
324,53,5569157185283840
325,53,5581840834055424
326,53,5591564723153408
327,53,5615641368018688
328,53,5635448281288960
329,53,5668478916649984
330,53,5702276966184192
331,53,5718690929522944
332,53,5750932434898688
333,53,5764327241222656
334,53,5764517265996800
335,53,5772862670619648
336,53,5780402387650304
337,53,5801596246504192
338,53,5828994878775040
339,53,5838724714118144
340,53,5879223482553600
341,53,5889295373685504
342,53,5905707671162368
343,53,5934467756207360
344,53,5948545779462912
345,53,5972049242826240
346,53,5993666943517184
347,53,6018042559108096
348,53,6023122715997696
349,53,6049577984348928
350,53,6056869256548096
351,53,6092348139095296
352,53,6111729009490944
353,53,6124437999483648
354,53,6134865017606144
355,53,6145237498156032
356,53,6169969450269696
357,53,6177271449967616
358,53,6197683155907584
359,53,6197021818174720
360,53,6225460315800576
361,53,6241382357182464
362,53,6256580319882496
363,53,6275862744255744
364,53,6297245152387072
365,53,6317932530227200
366,53,6345793993266176
367,53,6360153322234368
368,53,6383706192440320
369,53,6394169104338432
370,53,6401230713830144
371,53,6414436716422144
372,53,6420700664198400
373,53,6426039180448256
374,53,6429191670369024
375,53,6437539430998272
376,53,6461022454662656
377,53,6482834572529920
378,53,6499750471702272
379,53,6513891804982784
380,53,6538351811481344
381,53,6550089068211968
382,53,6556977830830336
383,53,6571804052829696
384,53,6589372234996480
385,53,6613529596704768
386,53,6638475234215424
387,53,6636991854102784
388,53,6648760204094720
389,53,6658674171936256
390,53,6661616972773632
391,53,6667468520519168
392,53,6682885035332864
393,53,6684802359130112
394,53,6695874409086208
395,53,6716058896056832
396,53,6728283907539968
397,53,6742978392724736
398,53,6763005851246592
399,53,6769339095825408
400,53,6788849765867008
401,53,6829402070886144
402,53,6859299327578368
403,53,6893089417893376
404,53,6913563364458752
405,53,6920730520435712
406,53,6945109655300096
407,53,6958223981761792
408,53,6966874863988224
409,53,6998417773548288
410,53,7035801556591360
411,53,7053655268475392
412,53,7072601972665088
413,53,7082195777112576
414,53,7099994377102336
415,53,7129119770170880
416,53,7126774246852352
417,53,7140352533919488
418,53,7158146542654720
419,53,7177065122665984
420,53,7188230384324096
421,53,7211238385427456
422,53,7239701164451840
423,53,7262844120610816
424,53,7286459953940736
425,53,7316540742147072
426,53,7325484220375552
427,53,7344218387333120
428,53,7356501379382528
429,53,7364472504132864
430,53,7386643731984384
431,53,7411355536007168
432,53,7425372713777408
433,53,7448742501776128
434,53,7477885124799744
435,53,7476191918418432
436,53,7472592143023360
437,53,7489835856983040
438,53,7503107387114752
439,53,7520463488311296
440,53,7538136841312512
441,53,7563728543497472
442,53,7582458273362176
443,53,7586719636558336
444,53,7605115807057664
445,53,7620059258395392
446,53,7629253330449152
447,53,7658302796924672
448,53,7677143993328384
449,53,7706994500323584
450,53,7725962335570688
451,53,7749917996327424
452,53,7758231928763392
453,53,7767188798731520
454,53,7787851197448192
455,53,7806189559238656
456,53,7828715426434816
457,53,7846115177979392
458,53,7857085622506752
459,53,7884556102105088
460,53,7915895031956480
461,53,7923780778283264
462,53,7929630593355776
463,53,7946787033326336
464,53,7964090317557504
465,53,7971120390061056
466,53,7980855100214016
467,53,7990509936863488
468,53,7995572940266496
469,53,8019108652189952
470,53,8020928378991360
471,53,8054349193610752
472,53,8060342371435008
473,53,8068549143856384
474,53,8079343347769600
475,53,8103248749047808
476,53,8124582641518336
477,53,8138397417139712
478,53,8134996605533696
479,53,8153657561386752
480,53,8164806026804736
481,53,8174553895088896
482,53,8187146607507456
483,53,8193987543154432
484,53,8212681594971648
485,53,8225288162513920
486,53,8233955958488064
487,53,8249138920816384
488,53,8268993839927552
489,53,8304369977396224
490,53,8326570832016384
491,53,8351215236651264
492,53,8360103043440128
493,53,8370574811848448
494,53,8391630566432256
495,53,8415193147619840
496,53,8436811356260352
497,53,8444994588294144
498,53,8446312379646464
499,53,8484898868442112
500,53,8487976709042176
501,53,8503244692194048
502,53,8522117156272896
503,53,8530848973200384
504,53,8544636964158208
505,53,8563904094648064
506,53,8571553497350656
507,53,8582674007212800
508,53,8603106251160064
509,53,8629443782564352
510,53,8647791828789760
511,53,8665196118408960
512,53,8678252091884544
513,53,8694169195814656
514,53,8707976619303680
515,53,8732799906962176
516,53,8752040451491840
517,53,8778908935797760
518,53,8808956023294464
519,53,8841445080300288
520,53,8869404730477056
521,53,8882122714734336
522,53,8885093918031360
523,53,8879410387895808
524,53,8898948984037888
525,53,8900665613640192
526,53,8921776750929408
527,53,8937232318676736
528,53,8946099193123584
529,53,8953096196262144
530,53,8985672611858688
531,53,8997715189777152
532,54,9024836526218752
533,54,9043160171600384
534,54,9062918239985152
535,54,9070329170937856
536,54,9076766664317184
537,54,9094704916946432
538,54,9108118161276160
539,54,9128569891644672
540,54,9136140378210560
541,54,9162154223847168
542,54,9173477417325056
543,54,9201492039206400
544,54,9222936521367808
545,54,9241198758275328
546,54,9256844596345088
547,54,9273618193170176
548,54,9288497420592896
549,54,9310352824941312
550,54,9320747126674688
551,54,9343819322942720
552,54,9373401748857856
553,54,9399641677015552
554,54,9422205367610112
555,54,9429542720780032
556,54,9450236986752256
557,54,9475153542725120
558,54,9489683295252480
559,54,9502010389340672
560,54,9504595520198400
561,54,9516277163837952
562,54,9538320648897792
563,54,9559657779393280
564,54,9591140298231808
565,54,9605289244705792
566,54,9626224465604096
567,54,9651276299420672
568,54,9675560451974400
569,54,9680770147389184
570,54,9694046557394944
571,54,9709747434416384
572,54,9711004520016896
573,54,9719231612119040
574,54,9740218004443648
575,54,9749485547761152
576,54,9758347159996160
577,54,9772552662523392
578,54,9783533246625792
579,54,9803342718730240
580,54,9821987410276608
581,54,9847679522800384
582,54,9884730268451584
583,54,9898449368856320
584,54,9931574373485312
585,54,9948267099058944
586,54,9970413957061632
587,54,9990370938759168
588,54,10006713054647808
589,54,10014953537177856
590,54,10012932452767744
591,54,10028144066882560
592,54,10039676556725248
593,54,10039530555843584
594,54,10046111983866624
595,54,10055402317603072
596,54,10081744664977920
597,54,10092955530421248
598,54,10121017387502336
599,54,10143720427768064
600,54,10138727907304192
601,54,10158130613100800
602,54,10169490213523968
603,54,10206444174208000
604,54,10218818578388224
605,54,10231133939150080
606,54,10246643461403392
607,54,10268590347051520
608,54,10295493916724736
609,54,10308780806350336
610,54,10336332989628672
611,54,10361091378847744
612,54,10378795843097344
613,54,10383948390319872
614,54,10386827473891072
615,54,10406003472119552
616,54,10418598137953792
617,54,10440219489747200
618,54,10460777122696704
619,54,10485441860282880
620,54,10509158845911040
621,54,10544684204392704
622,54,10557312078238464
623,54,10595218979610368
624,54,10612977476321280
625,54,10631153632579072
626,54,10667134362119168
627,54,10671572076666368
628,54,10702800467693824
629,54,10687239268075264
630,54,10709265187855360
631,54,10712966823910912
632,54,10712396366535680
633,54,10733857423983872
634,54,10760886693641728
635,54,10779102365542144
636,54,10777090220727040
637,54,10791056978150656
638,54,10810256611668224
639,54,10829035743291136
640,54,10854270791893248
641,54,10876503638813184
642,54,10887700418030336
643,54,10905435409170432
644,54,10924865489721344
645,54,10954679280661248
646,54,10976136852626176
647,54,10992180610498048
648,54,11010911862540032
649,54,11031414285618432
650,54,11060362172171264
651,54,11069968429381632
652,54,11088007893450752
653,54,11074364911418112
654,54,11084319272539648
655,54,11105250312811264
656,54,11122818530815232
657,54,11139700305637120
658,54,11155047310899456
659,54,11180987868530432
660,54,11197087004263168
661,54,11211933699164928
662,54,11229893719713792
663,54,11254383157415168
664,54,11268967561690880
665,54,11287901786072064
666,54,11288235326153472
667,54,11304852246990848
668,54,11334633112479488
669,54,11334311346863360
670,54,11363352467164416
671,54,11365302582407680
672,54,11394525439285248
673,54,11423545129829376
674,54,11438273588920832
675,54,11453011422276608
676,54,11476131029914112
677,54,11488134288925440
678,54,11522377276604928
679,54,11564693512755200
680,54,11582028424684288
681,54,11597022069361920
682,54,11617923506797312
683,54,11637779362990080
684,54,11657442999950592
685,54,11678081067911936
686,54,11720497643017984
687,54,11715290284580864
688,54,11737784270576384
689,54,11753363768794624
690,54,11766190274193408
691,54,11787935131898112
692,54,11803518779824128
693,54,11807994542312448
694,54,11825467168825856
695,54,11865305588927488
696,54,11891196317898240
697,54,11914767758009856
698,54,11931863834875648
699,54,11955864218177024
700,54,11976359118179584
701,54,11999909442432512
702,54,12012217299627264
703,54,12023388390530304
704,54,12025327561452800
705,54,12048722805042432
706,54,12068410106601472
707,54,12091468914784512
708,54,12103738380913408
709,54,12126571181956608
710,54,12149691578424576
711,54,12169133129307904
712,54,12186407704696832
713,54,12200251007593728
714,54,12198517152398336
715,54,12210283533369856
716,54,12213047439143936
717,54,12237413644490752
718,54,12266164648476416
719,54,12274914808995072
720,54,12281105103534080
721,54,12294459999048448
722,54,12312942549446400
723,54,12338808482592512
724,54,12343677798266880
725,54,12365281906915840
726,54,12380263638046720
727,54,12405903086425600
728,54,12439764092595200
729,54,12461207078127104
730,54,12476020807737088
731,54,12507149312268544
732,54,12510221120109568
733,54,12526459023623936
734,54,12549571087724544
735,54,12562533638262528
736,54,12568113625665024
737,54,12594975238373120
738,54,12608285618691072
739,54,12624960112651264
740,54,12632396512615168
741,54,12650215043646464
742,54,12668483662679296
743,54,12698201905546240
744,54,12697195840011008
745,54,12711771463411456
746,54,12727376523348736
747,54,12755635375326720
748,54,12778750132681728
749,54,12815487857479680
750,54,12846826249133312
751,54,12850796599225088
752,54,12872133717776128
753,54,12906421404884480
754,54,12909300441745664
755,54,12932149830806272
756,54,12945907071003136
757,54,12965888161406720
758,54,12978320246573312
759,54,12986702860946944
760,54,12991205910605568
761,54,13018440362708992
762,54,13020926944442112
763,54,13050338791995392
764,54,13073548213240576
765,54,13105255599021312
766,54,13133098097580544
767,54,13150900293600768
768,54,13154651290931968
769,54,13180413029723648
770,54,13189997158023936
771,54,13204350876431616
772,54,13216777558773760
773,54,13229247377234944
774,54,13233833580642816
775,54,13248072011096064
776,54,13258475485131520
777,54,13262656185620736
778,54,13287659366393088
779,54,13302890460560896
780,54,13325992268441088
781,54,13338667753478656
782,54,13362993617206016
783,54,13378309220702208
784,54,13413328889584640
785,54,13437645676387840
786,54,13445997372120832
787,54,13469679751941376
788,54,13486556243951104
789,54,13497850248185600
790,54,13514657453039872
791,54,13517732620252160
792,54,13534617418365184
793,54,13568044692468736
794,54,13595984484072448
795,54,13616754078118656
796,54,13633360359354880
797,54,13642110067123200
798,54,13656050513089280
799,54,13675975933111040
800,54,13697268277423360
801,54,13714156246039040
802,54,13749136696550144
803,54,13763427611076864
804,54,13790093439966976
805,54,13785530751354880
806,54,13799760764342016
807,54,13812624425480960
808,54,13837289409534208
809,54,13836885192188416
810,54,13850090652465152
811,54,13871485028015616
812,54,13889089524496640
813,54,13908028762926080
814,54,13925302086340864
815,54,13937218854281216
816,54,13957772543905280
817,54,13983953535225344
818,54,14014600885697024
819,54,14026398828518144
820,54,14035671351992320
821,54,14041113477651456
822,54,14052918674045440
823,54,14066614492374528
824,54,14077606248963584
825,54,14102181508120320
826,54,14114191197591040
827,54,14123930291518208
828,54,14134600206102016
829,54,14155787362433024
830,54,14187089526327296
831,54,14199370104947712
832,54,14214435879088384
833,54,14217932226482432
834,54,14236950259081216
835,54,14260020120802816
836,54,14279780515609344
837,54,14310011850946816
838,54,14330729273402368
839,54,14344823974339072
840,54,14366923203142912
841,54,14386949940608000
842,54,14407464946735360
843,54,14410488558302464
844,54,14424519669322752
845,54,14431576974948864
846,54,14437376925417984
847,54,14446538791786240
848,54,14468355985312512
849,54,14491631569139712
850,54,14488634796467968
851,54,14506964410450944
852,54,14518573162761216
853,54,14523531677566208
854,54,14541730186007808
855,54,14550763843200256
856,54,14553000682655744
857,54,14569020660808704
858,54,14599707469239040
859,54,14618433898044416
860,54,14641080734649344
861,54,14647671946694400
862,54,14654474446129408
863,54,14667904873672704
864,54,14676201811951872
865,54,14695054390884608
866,54,14718923972316160
867,54,14731648756637184
868,54,14747403520163072
869,54,14764479659444736
870,54,14780943215406848
871,54,14776070982909952
872,54,14786449643369984
873,54,14795997552393216
874,54,14815990933896192
875,54,14843046744355840
876,54,14857969744486144
877,54,14874785657967616
878,54,14873622689677824
879,54,14893485835901184
880,54,14907814973730304
881,54,14927709485252352
882,54,14949040506342400
883,54,14955748321946368
884,54,14962603596505088
885,54,14979083056633856
886,54,15004703381150720
887,54,15006877839094016
888,54,15027423181283840
889,54,15049165478759424
890,54,15069042659622144
891,54,15080206051889920
892,54,15093872534383360
893,54,15109519487779840
894,54,15114805744090112
895,54,15124353039860992
896,54,15144389742273024
897,54,15159513521903104
898,54,15198841998045184
899,54,15219797931646976
900,54,15227022810804224
901,54,15232614606938112
902,54,15256875616802304
903,54,15265823062695680
904,54,15290706271866368
905,54,15315946888089856
906,54,15329010829408000
907,54,15351388917761024
908,54,15367275967255552
909,54,15391722765867776
910,54,15397586748400896
911,54,15423331589269760
912,54,15430922470400512
913,54,15435787691129856
914,54,15452286132389376
915,54,15453219816034560
916,54,15461896944511744
917,54,15481098440449536
918,54,15494706089388544
919,54,15525551558631424
920,54,15547594781545984
921,54,15557075669340672
922,54,15580780233692928
923,54,15595453393058816
924,54,15633701684792064
925,54,15653940219681792
926,54,15678618229137408
927,54,15694224280376576
928,54,15698819977078272
929,54,15722091604277760
930,54,15731577879578368
931,54,15756480571636736
932,54,15760352688485632
933,54,15765227150936832
934,54,15778173747143936
935,54,15779106180876288
936,54,15791889702069248
937,54,15803758395838976
938,54,15803214140402944
939,54,15819088343820032
940,54,15832072246179328
941,54,15856058788430080
942,54,15882688233687552
943,54,15902783358850560
944,54,15914840688545792
945,54,15922364953354752
946,54,15932163209434368
947,54,15949776871227648
948,54,15985473792932352
949,54,16001339302229504
950,54,16003515687705600
951,54,16006612696495872
952,54,16032295805166080
953,54,16044193421021952
954,54,16058766504062208
955,54,16083702236421632
956,54,16110900853859840
957,54,16128399151337472
958,54,16131921669498112
959,54,16141879288055040
960,54,16142309514612736
961,54,16156262937430016
962,54,16173544222721792
963,54,16202745962626048
964,54,16217256176165120
965,54,16232097906915584
966,54,16248382343229952
967,54,16288010203510528
968,54,16297862921271296
969,54,16316095817158656
970,54,16335572288829696
971,54,16340197265567744
972,54,16356696998989056
973,54,16378032028514816
974,54,16391231720652032
975,54,16406551312723456
976,54,16425912631743744
977,54,16446175979158016
978,54,16463670741354240
979,54,16480580166843392
980,54,16494567147973632
981,54,16512889694007808
982,54,16529813074357504
983,54,16547153499714560
984,54,16578710521666048
985,54,16587667995600384
986,54,16606286149214208
987,54,16621141464333568
988,54,16632447571635712
989,54,16634306744156672
990,54,16653724959957248
991,54,16678990592033280
992,54,16703464514863872
993,54,16730633647240448
994,54,16744684063670272
995,54,16754969455143424
996,54,16781497950447616
997,54,16790845707223296
998,54,16805064619863808
999,54,16822855690533888
1000,54,16832559003013888
